{
    "D1Pool": {
        "sch_mode": 1,
        "plan_start_time": "2024-10-20 12:53:57",
        "sinking_roll_mode": "GI外板",
        "pre_close_wet_distance": 0,
        "cum_close_wet": 0.0,
        "close_wet_us_weight": 0.0,
        "main_batch": [],
        "pre_distance": 4,
        "stop_coil_width": 1100,
        "max_sch_time": 30,
        "ga_lub_ord_weight": 0.0,
        "other_trans_obj_m": {},
        "other_trans_obj_c": {},
        "must_order": "",
        "must_MAT": "",
        "assign_stage_flag": 1,
        "strip_start_width": 1100,
        "strip_max_outer_width": 2500,
        "arrange_no_car": "Y",
        "outer_stop_width": 0,
        "outer_scheduling_mode": "N",
        "outer_resource_file": "",
        "is_produce_tantou_order": "Y",
        "bounce_control": "N",
        "bounce_range": [
            0,
            0
        ],
        "pre_lub_coil": {
            "入口材料宽度": 0.0,
            "可用辊期": "",
            "排产小类": ""
        },
        "previous_coil": {
            "销售最终用户中文名称": "长城汽车-徐水",
            "JOB_NO": "D1124A138-previous_coil",
            "订宽(mm)": 1730,
            "订厚(mm)": 0.65,
            "入口材料宽度": 1759.9,
            "分选度代码": "SG5",
            "退火温度": 830,
            "修正退火温度下限": 820,
            "修正退火温度上限": 850,
            "(钢种)牌号": "DC56D+Z",
            "钢级代码56位": "IF",
            "屈服强度上限": 180,
            "屈服强度下限": 120,
            "焊接分组": "DS2",
            "排产大类": "GI外板",
            "排产小类": "GI外板",
            "可用辊期": "(18)",
            "工作辊期": "",
            "Block": ""
        },
        "sinking_roll_begin_time": "2024-10-18 20:00:00",
        "next_maintenance_time": "2024-11-05 08:00:00",
        "transition_weight": "low",
        "previous_task": "D1124A138"
    }
}