{
    "Normal": {
        "data_filter": 0,
        "balance_order": "D1D2S1T1"
    },
    "S1Pool": {
        "roll_start_time": "2024-08-19 19:10:07",
        "roll_end_time": "2024-08-20 07:10:07",
        "current_time": "2024-05-13 09:00:00",
        "sink_roll_D1_start_time": "2024-04-15 20:00:00",
        "sink_roll_D1_end_time": "2024-08-27 08:00:00",
        "sink_roll_D2_start_time": "2024-04-15 16:00:00",
        "sink_roll_D2_end_time": "2024-09-06 08:00:00",
        "sink_roll_D1_type": "GA外板",
        "sink_roll_D1__next_type": "GI外板",
        "sink_D1_plan": "GA内板",
        "sink_D2_plan": "外板",
        "D1_roll_max_width": 2000,
        "D2_roll_max_width": 2000,
        "is_next_stop": 0,
        "is_after_stop": 0,
        "next_repair_time": "2024-01-15 09:00:00",
        "rec_5_roll_list": [
            "薄料高强",
            "普通高强",
            "普通钢",
            "GI普通外板",
            "普通钢"
        ],
        "rec_n_roll_start_time": [
            "",
            "",
            "",
            "",
            ""
        ],
        "small_roll_cum_num": 0,
        "before_small_roll_time": [
            "",
            "",
            "",
            "",
            ""
        ],
        "after_roll_num": null,
        "last_thick_group": [
            4.5,
            6.0
        ],
        "urgent_MAT_NO": [],
        "urgent_order_NO": [],
        "previous_task": {
            "JOB_NO": "",
            "MAT_NO": "H224817805000",
            "入口厚": 3.75,
            "入口长": 690100.0,
            "入口宽": 885.319,
            "待排产量": 17.64,
            "出口宽": 870.0,
            "订宽": 860.0,
            "订厚": 0.65,
            "分选度代码": "SG5",
            "焊接分组": "SS2",
            "屈服强度": 205.0,
            "横纵切标识": "N",
            "排产大类": "外板",
            "排产小类": "GI普通外板",
            "可用辊期": "1,2,4",
            "工作辊期": "2"
        },
        "roll_type": "6",
        "roll_cum_km": 80,
        "roll_cum_wt": 2500,
        "require_type": "",
        "require_material": "",
        "limit_roll_type": [],
        "select_plan": 4,
        "result_button": 1,
        "run_mode": 2,
        "consider_car_d1d2": 1,
        "consider_car_t1": 1,
        "MIP_time": 240000,
        "TSP_time": 150000,
        "RMIP_time": 120000,
        "debug_mode": 0
    }
}