{
    "Normal": {
        "data_filter": 0,
        "balance_order": "D1D2S1T1"
    },
    "S1Pool": {
        "roll_start_time": "2024-10-22 20:28:48",
        "roll_end_time": "2024-10-23 08:28:48",
        "current_time": "2024-05-13 09:00:00",
        "sink_roll_D1_start_time": "2024-04-15 20:00:00",
        "sink_roll_D1_end_time": "2024-11-01 08:00:00",
        "sink_roll_D2_start_time": "2024-04-15 16:00:00",
        "sink_roll_D2_end_time": "2024-10-28 08:00:00",
        "sink_roll_D1_type": "GI外板",
        "sink_roll_D1__next_type": "GA外板",
        "sink_D1_plan": "GI外板",
        "sink_D2_plan": "内板",
        "D1_roll_max_width": 2000.0,
        "D2_roll_max_width": 2000.0,
        "is_next_stop": 0,
        "is_after_stop": 0,
        "next_repair_time": "2024-01-15 09:00:00",
        "rec_5_roll_list": [
            "薄料高强",
            "普通高强",
            "普通钢",
            "GI普通外板",
            "普通钢"
        ],
        "rec_n_roll_start_time": [
            "",
            "",
            "",
            "",
            ""
        ],
        "small_roll_cum_num": 0,
        "before_small_roll_time": [
            "",
            "",
            "",
            "",
            ""
        ],
        "after_roll_num": {
            "D1-ZF": 490.82,
            "D1-ZN": 6480.74,
            "D2": 4115.36,
            "T1": 12298.67
        },
        "last_thick_group": [
            4.5,
            6.0
        ],
        "urgent_MAT_NO": [],
        "urgent_order_NO": [],
        "previous_task": {
            "JOB_NO": "",
            "MAT_NO": "H224A26605300",
            "入口厚": 3.5,
            "入口长": 774034.0,
            "入口宽": 887.496,
            "待排产量": 18.36,
            "出口宽": 876.0,
            "订宽": 866.0,
            "订厚": 1.4,
            "分选度代码": "SG3",
            "焊接分组": "SS4",
            "屈服强度": 350.0,
            "横纵切标识": "N",
            "排产大类": "高强",
            "排产小类": "普通高强钢",
            "可用辊期": "10",
            "工作辊期": "10"
        },
        "roll_type": "6",
        "roll_cum_km": 80,
        "roll_cum_wt": 2500,
        "require_type": "",
        "require_material": "",
        "limit_roll_type": [],
        "select_plan": 1,
        "result_button": 1,
        "run_mode": 0,
        "consider_car_d1d2": 1,
        "consider_car_t1": 1,
        "MIP_time": 240000,
        "TSP_time": 150000,
        "RMIP_time": 120000,
        "debug_mode": 0
    }
}