{
    "D1Pool": {
        "sch_mode": 1,
        "plan_start_time": "2024-07-19 01:27:14",
        "sinking_roll_mode": "GA外板",
        "pre_close_wet_distance": 68,
        "cum_close_wet": 0.0,
        "close_wet_us_weight": 3552.750365,
        "main_batch": [],
        "pre_distance": 0,
        "stop_coil_width": 1100,
        "max_sch_time": 30,
        "ga_lub_ord_weight": 456.65,
        "other_trans_obj_m": {},
        "other_trans_obj_c": {},
        "must_order": "",
        "must_MAT": "",
        "assign_stage_flag": 2,
        "strip_start_width": 1100,
        "strip_max_outer_width": 2500,
        "arrange_no_car": "Y",
        "outer_stop_width": 0,
        "outer_scheduling_mode": "N",
        "outer_resource_file": "",
        "is_produce_tantou_order": "Y",
        "bounce_control": "N",
        "bounce_range": [
            0,
            0
        ],
        "pre_lub_coil": {
            "入口材料宽度": 0.0,
            "可用辊期": "",
            "排产小类": ""
        },
        "previous_coil": {
            "销售最终用户中文名称": "日系配套-金源行",
            "JOB_NO": "D11247138-previous_coil",
            "订宽(mm)": 1022,
            "订厚(mm)": 2.0,
            "入口材料宽度": 1052.9,
            "分选度代码": "SG3",
            "退火温度": 800,
            "修正退火温度下限": 770,
            "修正退火温度上限": 830,
            "(钢种)牌号": "JAC270C",
            "钢级代码56位": "CM",
            "屈服强度上限": 285,
            "屈服强度下限": 165,
            "焊接分组": "DS1",
            "排产大类": "GA其他",
            "排产小类": "GA其他内板(日系)",
            "可用辊期": "(16)",
            "工作辊期": "",
            "Block": ""
        },
        "sinking_roll_begin_time": "2024-07-16 17:00:00",
        "next_maintenance_time": "2024-07-22 08:00:00",
        "transition_weight": "low",
        "previous_task": "D11247138"
    }
}